player_id,opta_id,first_name,second_name,web_name,known_name,team_id,team_opta_id,team_name,team_short_name,element_type,position,status,news,minutes,goals_scored,assists,clean_sheets,goals_conceded,own_goals,penalties_saved,penalties_missed,yellow_cards,red_cards,saves,bonus,opta_index,total_points,now_cost,selected_by_percent
1,1577305,Fredrik André,Bjørkan,Bjørkan,,2,4,Bodø/Glimt,B/G,2,DEF,a,,702,1,1,5,7,0,0,0,0,0,0,5,0.000000,52,65,14.7
2,1556766,Odin,Bjørtuft,Bjørtuft,,2,4,Bodø/Glimt,B/G,2,DEF,a,,1225,0,1,8,11,0,0,0,0,0,0,0,0.000000,60,66,12.7
3,1579921,Jostein,Gundersen,Gundersen,,2,4,Bodø/Glimt,B/G,2,DEF,a,,406,0,0,2,5,0,0,0,0,0,0,0,0.000000,17,59,3.0
4,2005319,Villads,Nielsen,Nielsen,,2,4,Bodø/Glimt,B/G,2,DEF,a,,25,0,0,0,0,0,0,0,0,0,0,0,0.000000,2,48,0.1
5,1728666,Fredrik,Sjøvold,Sjøvold,,2,4,Bodø/Glimt,B/G,2,DEF,a,,1196,3,2,8,11,0,0,0,0,0,0,5,0.000000,85,76,36.2
6,2027329,Mikkel,Bro Hansen,Bro,,2,4,Bodø/Glimt,B/G,4,FWD,a,,41,0,0,0,0,0,0,0,0,0,0,0,0.000000,4,60,0.1
7,1613544,Andreas,Helmersen,Helmersen,,2,4,Bodø/Glimt,B/G,4,FWD,a,,324,5,0,1,2,0,0,1,0,0,0,3,0.000000,34,80,2.1
8,1965455,Kasper,Høgh,Høgh,,2,4,Bodø/Glimt,B/G,4,FWD,a,,928,7,7,8,9,0,0,0,0,0,0,7,0.000000,80,118,58.8
9,1592582,Julian,Faye Lund,Faye,,2,4,Bodø/Glimt,B/G,1,GK,a,,0,0,0,0,0,0,0,0,0,0,0,0,0.000000,0,44,0.1
10,1865861,Nikita,Haikin,Haikin,,2,4,Bodø/Glimt,B/G,1,GK,a,,1260,0,0,8,11,0,0,0,0,0,31,0,0.000000,63,56,23.4
11,1857321,Isak,Sjong,Sjong,,2,4,Bodø/Glimt,B/G,1,GK,d,Smell - 25 % sjanse for å spille,0,0,0,0,0,0,0,0,0,0,0,0,0.000000,0,40,0.2
12,1723183,Sondre,Auklend,Auklend,,2,4,Bodø/Glimt,B/G,3,MID,a,,900,1,1,5,8,1,0,0,2,0,0,7,0.000000,38,66,1.1
13,1534602,Daniel,Bassi,Bassi,,2,4,Bodø/Glimt,B/G,3,MID,a,,185,0,1,0,4,0,0,0,0,0,0,0,0.000000,12,65,0.1
14,291448,Patrick,Berg,Berg,,2,4,Bodø/Glimt,B/G,3,MID,a,,1011,2,0,6,9,0,0,0,1,0,0,10,0.000000,48,90,12.2
15,1660385,Ole Didrik,Blomberg,Blomberg,,2,4,Bodø/Glimt,B/G,3,MID,a,,1074,3,4,9,8,0,0,0,1,0,0,2,0.000000,65,96,7.7
16,1612262,Sondre,Brunstad Fet,Fet,,2,4,Bodø/Glimt,B/G,3,MID,a,,761,3,2,5,6,0,0,0,1,0,0,2,0.000000,48,80,2.6
17,1677946,Håkon,Evjen,Evjen,,2,4,Bodø/Glimt,B/G,3,MID,a,,728,5,2,5,7,0,0,0,1,0,0,12,0.000000,67,84,17.1
18,1602490,Jens Petter,Hauge,Hauge,,2,4,Bodø/Glimt,B/G,3,MID,a,,825,1,1,6,6,0,0,0,1,0,0,1,0.000000,36,104,14.9
19,1701315,Isak,Dybvik Määttä,Määttä,,2,4,Bodø/Glimt,B/G,3,MID,a,,684,1,0,4,6,0,0,0,0,0,0,4,0.000000,33,65,0.3
20,169661,Ulrik,Saltnes,Saltnes,,2,4,Bodø/Glimt,B/G,3,MID,a,,151,0,0,1,1,0,0,0,0,0,0,0,0.000000,7,79,0.6
21,43126,Haitam,Aleesami,Aleesami,,2,4,Bodø/Glimt,B/G,2,DEF,a,,860,0,0,6,6,0,0,0,0,0,0,2,0.000000,44,56,2.9
22,1754358,Magnus,Riisnæs,Riisnæs,,2,4,Bodø/Glimt,B/G,2,DEF,a,,17,0,0,0,0,0,0,0,0,0,0,0,0.000000,2,55,0.9
23,2050499,Anders,Klynge,Klynge,,2,4,Bodø/Glimt,B/G,3,MID,a,,153,1,0,1,2,0,0,0,0,0,0,0,0.000000,13,55,0.0
24,4082898,Gift,Sunday,Sunday,,2,4,Bodø/Glimt,B/G,3,MID,u,På lån til FC KTP,0,0,0,0,0,0,0,0,0,0,0,0,0.000000,0,50,0.0
25,1579765,August,Mikkelsen,Mikkelsen,,2,4,Bodø/Glimt,B/G,3,MID,d,Smell - 25 % sjanse for å spille,6,0,0,0,0,0,0,0,0,0,0,0,0.000000,1,55,0.0
26,1711450,Martin,Hellan,Hellan,,11,195,Sandefjord,SAN,2,DEF,a,,95,0,0,0,1,0,0,0,0,0,0,0,0.000000,3,43,0.2
27,1787724,Rasmus,Holten,Holten,,11,195,Sandefjord,SAN,2,DEF,a,,358,1,0,1,5,0,0,0,0,0,0,1,0.000000,21,44,0.4
28,1565712,Fredrik,Pallesen Knudsen,Pallesen,,3,298,Brann,BRA,2,DEF,a,,1068,0,0,1,19,0,0,0,1,0,0,0,0.000000,23,48,3.6
29,113596,Joachim,Soltvedt,Soltvedt,,3,298,Brann,BRA,2,DEF,a,,1007,3,3,1,18,0,0,1,1,0,0,1,0.000000,48,60,26.0
30,1807281,Jonas,Torsvik,Torsvik,,3,298,Brann,BRA,2,DEF,a,,47,0,0,0,2,0,0,0,0,0,0,0,0.000000,4,49,0.0
31,114647,Bård,Finne,Finne,,3,298,Brann,BRA,4,FWD,a,,505,3,2,0,11,0,0,0,0,0,0,4,0.000000,39,64,11.2
32,306458,Mathias,Dyngeland,Dyngeland,,3,298,Brann,BRA,1,GK,a,,630,0,0,0,12,0,0,0,1,0,16,0,0.000000,13,50,8.3
33,1622520,Simen,Vidtun Nilsen,Vidtun Nilsen,,3,298,Brann,BRA,1,GK,a,,630,0,0,1,10,0,0,0,0,0,17,0,0.000000,18,44,1.2
34,1887100,Mathias,Klausen,Klausen,,3,298,Brann,BRA,1,GK,u,På lån til Åsane,0,0,0,0,0,0,0,0,0,0,0,0,0.000000,0,40,0.1
35,1564737,Niklas,Castro,Castro,,3,298,Brann,BRA,3,MID,a,,56,0,2,0,1,0,0,0,1,0,0,1,0.000000,8,79,0.2
36,1771907,Markus,Haaland,Haaland,,3,298,Brann,BRA,3,MID,a,,267,2,0,0,5,0,0,0,0,0,0,0,0.000000,20,58,0.5
37,1608592,Felix,Horn Myhre,Horn Myhre,,3,298,Brann,BRA,3,MID,a,,1170,1,2,1,20,0,0,0,2,0,0,11,0.000000,47,72,20.6
38,1552945,Ulrik,Mathisen,Mathisen,,3,298,Brann,BRA,3,MID,a,,695,1,4,3,12,0,0,0,0,0,0,1,0.000000,41,74,1.8
39,1562640,Thore,Baardsen Pedersen,Pedersen,,3,298,Brann,BRA,3,MID,a,,847,0,0,1,15,0,0,0,0,0,0,0,0.000000,21,44,0.8
40,1835815,Lars,Remmem,Remmem,,3,298,Brann,BRA,3,MID,u,På lån til FK Haugesund,0,0,0,0,0,0,0,0,0,0,0,0,0.000000,0,45,0.0
41,1584945,Sakarias,Opsahl,Opsahl,,3,298,Brann,BRA,3,MID,i,Smell - Ute resten av sesongen,0,0,0,0,0,0,0,0,0,0,0,0,0.000000,0,43,0.1
42,1574301,Mads,Berg Sande,Sande,,3,298,Brann,BRA,3,MID,u,Overgang til Kongsvinger,0,0,0,0,0,0,0,0,0,0,0,0,0.000000,0,50,0.1
43,2030843,Eggert Aron,Gudmundsson,Gudmundsson,,3,298,Brann,BRA,3,MID,a,,0,0,0,0,0,0,0,0,0,0,0,0,0.000000,0,64,0.4
44,2032537,Denzel,De Roeve,De Roeve,,3,298,Brann,BRA,2,DEF,a,,674,1,1,1,11,0,0,0,1,0,0,2,0.000000,27,58,8.5
45,1619032,Noah,Holm,Noah,,3,298,Brann,BRA,4,FWD,a,,1032,5,2,2,18,0,0,0,2,0,0,8,0.000000,57,74,19.6
46,2050502,Jacob Lungi,Sørensen,Sørensen,,3,298,Brann,BRA,3,MID,a,,826,0,1,2,13,0,0,0,3,0,0,1,0.000000,23,45,2.3
47,2050406,Sævar Atli,Magnússon,Magnússon,,3,298,Brann,BRA,3,MID,a,,21,0,0,0,1,0,0,0,0,0,0,0,0.000000,1,89,0.2
48,20663,Vetle,Dragsnes,Dragsnes,,3,298,Brann,BRA,2,DEF,a,,813,1,0,1,13,0,0,0,1,0,0,1,0.000000,26,48,1.2
49,2051596,Nana,Boakye,Boakye,,3,298,Brann,BRA,2,DEF,i,Kne - Ute resten av sesongen,135,0,0,0,4,0,0,0,0,0,0,0,0.000000,2,48,0.7
50,1958337,Kristall,Máni Ingason,Ingason,,3,298,Brann,BRA,3,MID,a,,828,4,2,3,12,0,0,0,1,0,0,6,0.000000,57,69,8.8
51,2060091,Jón Dagur,Thorsteinsson,Thorsteinsson,,3,298,Brann,BRA,3,MID,u,Lån avsluttet,819,2,3,2,15,0,0,0,3,0,0,3,0.000000,41,78,3.8
52,1757446,Niklas,Jensen Wassberg,Wassberg,,3,298,Brann,BRA,3,MID,a,,471,0,0,1,8,0,0,0,1,0,0,0,0.000000,15,55,0.3
53,1817717,Jesper,Eikrem,Eikrem,,3,298,Brann,BRA,3,MID,u,Lån til Åsane,4,0,0,0,0,0,0,0,0,0,0,0,0.000000,1,50,0.1
54,1837000,Martin,Børsheim,Børsheim,,4,117,Fredrikstad,FFK,1,GK,d,Smell - 50 % sjanse for å spille,1170,0,0,0,23,0,0,0,3,0,46,2,0.000000,29,48,7.1
55,1572205,Daniel,Eid,Eid,,4,117,Fredrikstad,FFK,2,DEF,a,,1056,2,3,0,19,0,0,0,2,0,0,8,0.000000,45,56,6.2
56,1582025,Sigurd,Kvile,Kvile,,4,117,Fredrikstad,FFK,2,DEF,i,Kne - Ute resten av sesongen,30,0,0,0,0,0,0,0,1,0,0,0,0.000000,1,44,0.0
57,2024528,Kennedy,Okpaleke,Okpaleke,,4,117,Fredrikstad,FFK,2,DEF,a,,6,0,0,0,0,0,0,0,0,0,0,0,0.000000,2,40,1.1
58,3840,Simen,Rafn,Rafn,,4,117,Fredrikstad,FFK,2,DEF,a,,635,1,0,0,9,0,0,0,2,0,0,3,0.000000,20,41,7.5
59,1767706,Henrik,Skogvold,Skogvold,,4,117,Fredrikstad,FFK,4,FWD,a,,862,0,0,1,17,0,0,0,0,0,0,0,0.000000,22,67,7.1
60,1739530,Ole,Langbråten,Langbråten,,4,117,Fredrikstad,FFK,1,GK,a,,0,0,0,0,0,0,0,0,0,0,0,0,0.000000,0,40,0.7
61,1857559,Elias,Solberg,Solberg,,4,117,Fredrikstad,FFK,3,MID,u,Overgang til Ranheim,0,0,0,0,0,0,0,0,0,0,0,0,0.000000,0,45,0.1
62,1816099,Benjamin,Faraas,Faraas,,4,117,Fredrikstad,FFK,3,MID,a,,230,1,0,0,5,0,0,0,1,0,0,0,0.000000,12,60,0.1
63,2025293,Oskar,Øhlenschlæger,Øhlenschlæger,,4,117,Fredrikstad,FFK,3,MID,d,Smell - 50 % sjanse for å spille,1001,2,2,1,16,0,0,0,1,0,0,4,0.000000,43,67,7.2
64,2027187,Rocco,Shein,Shein,,4,117,Fredrikstad,FFK,3,MID,u,Overgang til Portsmouth,963,2,4,1,18,0,0,0,1,0,0,11,0.000000,55,57,3.1
65,1542214,Sondre,Sørløkk,Sørløkk,,4,117,Fredrikstad,FFK,2,DEF,d,Fot - 25 % sjanse for å spille,844,0,2,1,18,0,0,0,0,0,0,0,0.000000,24,52,7.3
66,1633872,Ulrik,Fredriksen,Fredriksen,,4,117,Fredrikstad,FFK,2,DEF,a,,1151,1,0,0,21,0,0,0,1,0,0,0,0.000000,24,47,13.1
67,294605,Johannes Andres,Hummelvoll-Nuñez,Nuñez,,4,117,Fredrikstad,FFK,4,FWD,a,,303,1,1,0,7,0,0,0,1,0,0,0,0.000000,14,78,5.4
68,122750,Øystein,Øvretveit,Øvretveit,,4,117,Fredrikstad,FFK,1,GK,a,,0,0,0,0,0,0,0,0,0,0,0,0,0.000000,0,39,0.9
69,1942048,Eirik Julius,Granaas,Granaas,,4,117,Fredrikstad,FFK,3,MID,u,Overgang til Porto,86,1,0,0,4,0,0,0,3,0,0,0,0.000000,10,48,0.1
70,40513,Solomon,Owusu,S. Owusu,,4,117,Fredrikstad,FFK,2,DEF,a,,205,0,0,0,6,0,0,0,0,0,0,0,0.000000,3,44,0.3
71,1746097,Fanuel,Ghebreyohannes,Ghebreyohannes,,4,117,Fredrikstad,FFK,2,DEF,a,,498,0,0,0,11,0,0,0,3,0,0,0,0.000000,9,48,0.1
72,1793151,Salim,Laghzaoui,Laghzaoui,,4,117,Fredrikstad,FFK,3,MID,a,,595,0,1,0,11,0,0,0,0,0,0,0,0.000000,19,56,0.3
73,1573731,Aleksander,Andresen,Andresen,,4,117,Fredrikstad,FFK,2,DEF,a,,24,0,0,0,1,0,0,0,0,0,0,0,0.000000,3,48,0.1
74,37957,Fredrik,Holmé,Holmé,,4,117,Fredrikstad,FFK,2,DEF,a,,893,1,1,0,18,0,0,0,3,0,0,2,0.000000,23,45,0.9
75,2056398,Samuel,Leach Holm,Leach Holm,,4,117,Fredrikstad,FFK,3,MID,d,Lår - 50 % sjanse for å spille,690,1,0,0,15,0,0,0,0,0,0,0,0.000000,22,48,0.4
76,1812638,Joachim,Nysveen,Nysveen,,4,117,Fredrikstad,FFK,2,DEF,a,,21,0,0,0,0,0,0,0,0,0,0,0,0.000000,2,43,0.0
77,2060946,Max,Nilsson,Nilsson,,4,117,Fredrikstad,FFK,3,MID,a,,249,0,0,0,6,0,0,0,1,0,0,0,0.000000,8,48,0.0
78,1882015,Simon,Rusen,Rusen,,5,63,HamKam,HAM,1,GK,a,,0,0,0,0,0,0,0,0,0,0,0,0,0.000000,0,40,0.3
79,2017745,Anton,Ekeroth,Ekeroth,,5,63,HamKam,HAM,2,DEF,a,,831,0,1,1,21,0,0,0,2,0,0,1,0.000000,17,54,3.8
80,1798379,Viðar Ari,Jónsson,Jónsson,,5,63,HamKam,HAM,2,DEF,a,,638,0,2,3,9,1,0,0,1,0,0,1,0.000000,29,50,0.6
81,1926490,Luc,Mares,Mares,,5,63,HamKam,HAM,3,MID,a,,325,0,0,0,8,0,0,0,0,0,0,0,0.000000,8,49,0.9
82,1723336,Halvor,Rødølen Opsahl,Opsahl,,5,63,HamKam,HAM,2,DEF,a,,223,0,1,0,7,0,0,0,0,0,0,0,0.000000,8,44,0.1
83,1801700,Ola,Rye,Rye,,5,63,HamKam,HAM,2,DEF,a,,0,0,0,0,0,0,0,0,0,0,0,0,0.000000,0,39,0.3
84,47121,Fredrik,Sjølstad,Sjølstad,,5,63,HamKam,HAM,2,DEF,a,,929,0,0,2,21,1,0,0,1,0,0,4,0.000000,25,44,0.7
85,1556643,Snorre,Strand Nilsen,Strand Nilsen,,5,63,HamKam,HAM,2,DEF,a,,221,0,0,0,5,0,0,0,0,0,0,0,0.000000,9,42,0.8
86,1813104,Julian,Gonstad,Gonstad,,5,63,HamKam,HAM,4,FWD,a,,240,0,0,0,5,0,0,0,0,0,0,0,0.000000,9,56,1.4
87,1606911,Ilir,Kukleci,Kukleci,,5,63,HamKam,HAM,2,DEF,a,,113,0,0,0,1,0,0,0,1,0,0,0,0.000000,7,44,0.1
88,1757695,Marcus,Sandberg,Sandberg,,5,63,HamKam,HAM,1,GK,a,,1170,0,0,3,25,0,0,0,1,0,46,0,0.000000,39,50,4.5
89,1893144,David,De Ornelas,De Ornelas,,5,63,HamKam,HAM,3,MID,u,På lån til Raufoss,0,0,0,0,0,0,0,0,0,0,0,0,0.000000,0,45,0.1
90,1611046,Markus,Johnsgård,Johnsgård,,5,63,HamKam,HAM,3,MID,a,,287,2,0,0,4,0,0,0,0,0,0,0,0.000000,22,50,0.1
91,1822858,William,Osnes-Ringen,Osnes-Ringen,,5,63,HamKam,HAM,3,MID,a,,339,0,0,0,6,0,0,0,1,0,0,0,0.000000,10,48,0.1
92,1701180,Aksel,Potur,Potur,,5,63,HamKam,HAM,3,MID,a,,1045,3,3,2,23,0,0,0,1,0,0,8,0.000000,58,53,7.5
93,1596168,Gard,Simenstad,Simenstad,,5,63,HamKam,HAM,3,MID,a,,147,0,0,0,7,0,0,0,1,0,0,0,0.000000,4,47,0.2
94,2050551,Peter,Sunday,Sunday,,5,63,HamKam,HAM,2,DEF,u,Lån avsluttet,0,0,0,0,0,0,0,0,0,0,0,0,0.000000,0,40,0.5
95,3366022,Mats,Pedersen,Pedersen,,5,63,HamKam,HAM,3,MID,u,På lån til FF Jaro,0,0,0,0,0,0,0,0,0,0,0,0,0.000000,0,45,0.0
96,1750276,Sander,Kaldråstøyl Østraat,Østraat,,5,63,HamKam,HAM,1,GK,a,,0,0,0,0,0,0,0,0,0,0,0,0,0.000000,0,39,0.6
97,1842637,Ethan,Amundsen-Day,Amundsen-Day,,5,63,HamKam,HAM,2,DEF,a,,1080,1,0,3,24,0,0,0,1,0,0,3,0.000000,34,45,1.7
98,1890258,Markus,Østerud,Østerud,,5,63,HamKam,HAM,4,FWD,a,,0,0,0,0,0,0,0,0,0,0,0,0,0.000000,0,44,0.7
99,1849325,Eron,Gojani,Gojani,,5,63,HamKam,HAM,3,MID,u,På lån til GIF Sundsvall,15,0,0,0,2,0,0,0,0,0,0,0,0.000000,1,49,0.0
100,7544,Henrik,Udahl,Udahl,,5,63,HamKam,HAM,4,FWD,a,,991,5,0,3,22,0,0,0,0,0,0,8,0.000000,52,58,28.0
101,1930255,Noah,Alexandersson,Alexandersson,,5,63,HamKam,HAM,3,MID,i,Smell - Ute på ubestemt tid,0,0,0,0,0,0,0,0,0,0,0,0,0.000000,0,50,0.0
102,1756035,Martin,Gjone,Gjone,,5,63,HamKam,HAM,2,DEF,a,,1061,1,3,3,21,1,0,0,1,0,0,4,0.000000,44,48,5.0
103,1970431,Ian,Hoffmann,Hoffmann,,5,63,HamKam,HAM,2,DEF,u,Lån avsluttet,599,0,0,2,14,0,0,0,2,0,0,0,0.000000,15,48,0.3
104,1972335,Loris,Mettler,Mettler,,5,63,HamKam,HAM,3,MID,a,,464,1,2,1,7,0,0,0,0,0,0,0,0.000000,24,58,0.5
105,1859886,Alan,Cole,Cole,,5,63,HamKam,HAM,4,FWD,a,,0,0,0,0,0,0,0,0,0,0,0,0,0.000000,0,44,3.1
106,1713289,Brage,Skaret,Skaret,,6,306,KFUM Oslo,KFUM,2,DEF,a,,372,0,1,1,7,0,0,0,0,0,0,0,0.000000,12,44,0.0
107,298848,Ayoub,Aleesami,Aleesami,,6,306,KFUM Oslo,KFUM,2,DEF,i,Lyske - Ute på ubestemt tid,0,0,0,0,0,0,0,0,0,0,0,0,0.000000,0,45,0.2
108,3106187,Mohammed Hopsdal,Abbas,Abbas,,6,306,KFUM Oslo,KFUM,2,DEF,u,Overgang til Eik Tønsberg,0,0,0,0,0,0,0,0,0,0,0,0,0.000000,0,40,0.0
109,72830,Fredrik,Berglie,Berglie,,6,306,KFUM Oslo,KFUM,2,DEF,d,Smell - 25 % sjanse for å spille,767,0,0,3,16,0,0,0,1,1,0,8,0.000000,27,44,0.7
110,1570586,David,Hickson,Hickson,,6,306,KFUM Oslo,KFUM,3,MID,a,,285,0,1,2,3,0,0,0,2,0,0,1,0.000000,13,53,0.9
111,1654120,Jonas,Lange Hjorth,Hjorth,,6,306,KFUM Oslo,KFUM,2,DEF,a,,528,0,3,1,12,0,0,0,1,0,0,0,0.000000,20,48,0.9
112,1560546,Håkon,Hoseth,Hoseth,,6,306,KFUM Oslo,KFUM,2,DEF,d,Smell - 50 % sjanse for å spille,748,1,1,4,11,1,0,0,1,0,0,0,0.000000,37,45,2.9
113,44085,Amin,Nouri,Nouri,,6,306,KFUM Oslo,KFUM,2,DEF,a,,92,0,0,0,2,0,0,0,0,0,0,0,0.000000,6,40,11.3
114,1690044,Momodou,Lion Njie,Lion Njie,,6,306,KFUM Oslo,KFUM,2,DEF,a,,50,0,0,0,2,0,0,0,0,1,0,0,0.000000,-1,39,1.5
115,1616887,Emil,Ødegaard,Ødegaard,,6,306,KFUM Oslo,KFUM,1,GK,a,,720,0,0,3,10,0,0,0,0,0,24,1,0.000000,29,46,2.1
116,1637491,Teodor,Berg Haltvik,Haltvik,,6,306,KFUM Oslo,KFUM,3,MID,a,,534,4,0,3,8,0,0,0,0,0,0,3,0.000000,41,50,11.3
117,191505,Simen,Hestnes,Hestnes,,6,306,KFUM Oslo,KFUM,3,MID,u,Overgang til Häcken,926,1,1,3,17,1,0,0,0,0,0,5,0.000000,35,58,2.4
118,1704160,Bjørn Martin,Kristensen,Kristensen,,6,306,KFUM Oslo,KFUM,4,FWD,a,,450,0,0,1,10,0,0,0,1,0,0,0,0.000000,15,50,2.7
119,42914,Moussa,Njie,M. Njie,,6,306,KFUM Oslo,KFUM,3,MID,d,Smell - 50 % sjanse for å spille,0,0,0,0,0,0,0,0,0,0,0,0,0.000000,0,49,0.1
120,191139,Robin,Rasch,Rasch,,6,306,KFUM Oslo,KFUM,3,MID,a,,808,0,1,2,13,0,0,0,2,0,0,0,0.000000,24,48,0.3
121,1631352,Mansour,Sinyan,Sinyan,,6,306,KFUM Oslo,KFUM,3,MID,u,På lån til KI Klaksvik,0,0,0,0,0,0,0,0,0,0,0,0,0.000000,0,45,0.0
122,1708342,Daniel,Schneider,Schneider,,6,306,KFUM Oslo,KFUM,2,DEF,a,,1158,1,0,4,21,0,0,0,2,0,0,4,0.000000,40,46,1.1
123,1588161,Bilal,Elmi Njie,Elmi Njie,,6,306,KFUM Oslo,KFUM,3,MID,a,,463,1,0,2,6,0,0,0,0,0,0,2,0.000000,22,54,0.1
124,1572189,Eirik,Saunes,Saunes,,6,306,KFUM Oslo,KFUM,2,DEF,a,,1142,0,0,4,20,0,0,0,2,0,0,2,0.000000,33,43,1.7
125,1787113,Mostafa,Najafzadeh,Najafzadeh,,6,306,KFUM Oslo,KFUM,3,MID,a,,2,0,0,0,0,0,0,0,0,0,0,0,0.000000,1,44,0.1
126,1946555,Marko,Vuckovic,Vuckovic,,6,306,KFUM Oslo,KFUM,3,MID,a,,0,0,0,0,0,0,0,0,0,0,0,0,0.000000,0,44,0.1
127,1634666,Sander,Sjökvist,Sjökvist,,6,306,KFUM Oslo,KFUM,2,DEF,a,,728,0,2,1,19,0,0,0,1,1,0,1,0.000000,17,48,2.2
128,1658958,Rasmus,Eggen Vinge,Eggen Vinge,,6,306,KFUM Oslo,KFUM,3,MID,a,,463,2,0,1,8,0,0,0,2,0,0,2,0.000000,25,53,1.1
129,1605562,Martin,Tangen Vinjor,Vinjor,,6,306,KFUM Oslo,KFUM,3,MID,a,,706,0,2,2,14,0,0,0,4,0,0,3,0.000000,25,55,0.3
130,3561250,Magnus,Kiperberg Mehl,Mehl,,6,306,KFUM Oslo,KFUM,2,DEF,u,På lån til Tromsdalen,0,0,0,0,0,0,0,0,0,0,0,0,0.000000,0,40,0.0
131,2061274,Krzysztof,Bąkowski,Bąkowski,,6,306,KFUM Oslo,KFUM,1,GK,u,Lån avsluttet,180,0,0,1,3,0,0,0,0,0,6,0,0.000000,8,42,1.2
132,1442250,Magnus,Wolff Eikrem,Eikrem,,6,306,KFUM Oslo,KFUM,4,FWD,i,Smell - Ute på ubestemt tid,396,1,1,1,7,0,0,0,0,0,0,3,0.000000,22,67,4.3
133,1562899,Magnus,Grødem,Grødem,,6,306,KFUM Oslo,KFUM,4,FWD,a,,525,2,0,1,7,0,0,0,1,0,0,0,0.000000,21,58,0.8
134,1563720,Tore André,Hagbø Sørås,Sørås,,6,306,KFUM Oslo,KFUM,3,MID,a,,392,0,0,1,7,0,0,0,1,0,0,0,0.000000,9,43,1.7
135,1756937,Skeide,Syver,Skeide,,7,785,Kristiansund,KBK,3,MID,a,,364,0,1,1,8,0,0,0,1,0,0,3,0.000000,18,44,0.3
136,1742353,Niklas,Ødegård,Ødegård,,7,785,Kristiansund,KBK,3,MID,a,,407,0,0,0,10,0,0,0,3,0,0,0,0.000000,9,50,0.1
137,1744364,Isak,Aalberg,Aalberg,,7,785,Kristiansund,KBK,2,DEF,a,,0,0,0,0,0,0,0,0,0,0,0,0,0.000000,0,40,0.2
138,2028915,Frederik,Flex,Flex,,7,785,Kristiansund,KBK,2,DEF,a,,920,0,0,1,18,0,0,0,3,0,0,0,0.000000,17,44,0.1
139,135222,Dan Peter,Ulvestad,Ulvestad,,7,785,Kristiansund,KBK,2,DEF,a,,1022,0,0,2,17,0,0,0,0,0,0,0,0.000000,26,44,1.3
140,1686544,Max,Normann Williamsen,Williamsen,,7,785,Kristiansund,KBK,2,DEF,a,,147,0,0,0,4,0,0,0,0,0,0,0,0.000000,3,43,0.0
141,1653564,Leander,Næss Alvheim,Næss Alvheim,,7,785,Kristiansund,KBK,4,FWD,a,,859,5,0,2,13,0,0,0,2,0,0,6,0.000000,45,60,2.4
142,2017631,Mustapha,Isah Ubandoma,Mustapha,,7,785,Kristiansund,KBK,4,FWD,a,,913,1,1,4,14,0,0,0,3,0,0,2,0.000000,30,57,6.7
143,1909901,Michael,Lansing,Lansing,,7,785,Kristiansund,KBK,1,GK,a,,90,0,0,0,1,0,0,0,1,0,4,0,0.000000,2,43,0.3
144,1679797,Adrian,Sæther,Sæther,,7,785,Kristiansund,KBK,1,GK,a,,1080,0,0,2,20,0,1,0,1,0,45,3,0.000000,42,47,5.4
145,1851013,Haakon,Haugen,Haugen,,7,785,Kristiansund,KBK,2,DEF,a,,317,0,0,0,7,0,0,0,1,0,0,0,0.000000,7,44,0.1
146,1987501,Wilfred George,Igor,George,,7,785,Kristiansund,KBK,3,MID,a,,1121,1,0,2,21,0,0,0,3,0,0,3,0.000000,33,46,8.3
147,1822682,Adrian,Kurd Rønning,Kurd Rønning,,7,785,Kristiansund,KBK,3,MID,a,,681,1,2,2,11,0,0,0,2,0,0,2,0.000000,32,46,0.4
148,2795755,Franklin,Daddys Boy Nyenetue,Daddys Boy,,7,785,Kristiansund,KBK,3,MID,u,Overgang til FC Dila Gori,0,0,0,0,0,0,0,0,0,0,0,0,0.000000,0,50,0.1
149,1807420,David,Tufekcic,Tufekcic,,7,785,Kristiansund,KBK,3,MID,i,Lår - Ute på ubestemt tid,0,0,0,0,0,0,0,0,0,0,0,0,0.000000,0,54,0.1
150,1761618,Sander,Kilen,Kilen,,7,785,Kristiansund,KBK,3,MID,a,,934,0,2,3,16,0,0,0,2,0,0,3,0.000000,33,59,2.6
151,1820173,Sander,Rød,Rød,,7,785,Kristiansund,KBK,1,GK,a,,0,0,0,0,0,0,0,0,0,0,0,0,0.000000,0,40,0.5
152,1884520,Herman,Sjåvik Opsahl,Sjåvik Opsahl,,7,785,Kristiansund,KBK,3,MID,a,,0,0,0,0,0,0,0,0,0,0,0,0,0.000000,0,45,0.0
153,1797995,Anders,Børset,Børset,,7,785,Kristiansund,KBK,2,DEF,a,,19,0,0,0,0,0,0,0,0,0,0,0,0.000000,1,39,1.9
154,2057984,Júlíus,Mar Júlíusson,Júlíusson,,7,785,Kristiansund,KBK,2,DEF,a,,1170,0,0,2,21,0,0,0,3,0,0,0,0.000000,24,45,0.1
155,1554925,Heine,Bruseth,Bruseth,,7,785,Kristiansund,KBK,3,MID,a,,809,0,2,3,11,0,0,0,3,0,0,0,0.000000,26,49,0.2
156,1580004,Tobias,Svendsen,Svendsen,,7,785,Kristiansund,KBK,3,MID,a,,191,0,0,0,3,0,0,0,0,0,0,0,0.000000,10,48,0.1
157,1575701,Jesper,Isaksen,Isaksen,,7,785,Kristiansund,KBK,3,MID,a,,285,0,0,1,6,0,0,0,1,0,0,2,0.000000,13,50,0.0
158,1969144,Alexander,Munksgaard Nielsen,Munksgaard,,7,785,Kristiansund,KBK,2,DEF,a,,1134,0,1,2,21,0,0,0,0,0,0,1,0.000000,31,45,0.3
159,2057499,Hrannar,Snær Magnusson,Magnusson,,7,785,Kristiansund,KBK,3,MID,a,,146,0,0,0,4,0,0,0,0,0,0,0,0.000000,8,53,0.0
160,2057365,Pontus,Dahlberg,Dahlberg,,8,177,Lillestrøm,LSK,1,GK,a,,1260,0,0,5,14,0,0,0,2,0,57,6,0.000000,61,48,24.5
161,203158,Stefan,Hagerup,Hagerup,,8,177,Lillestrøm,LSK,1,GK,a,,0,0,0,0,0,0,0,0,0,0,0,0,0.000000,0,39,0.9
162,1671800,Sturla,Ottesen,Ottesen,,8,177,Lillestrøm,LSK,2,DEF,a,,762,0,0,3,8,0,0,0,0,0,0,0,0.000000,30,43,1.9
163,1618145,Lars,Ranger,Ranger,,8,177,Lillestrøm,LSK,2,DEF,a,,1100,2,1,4,13,0,0,0,2,0,0,5,0.000000,54,50,18.9
164,63069,Espen,Garnås,Garnås,,8,177,Lillestrøm,LSK,2,DEF,a,,195,0,0,0,4,0,0,0,0,1,0,0,0.000000,3,43,0.7
165,1579725,Sander,Moen Foss,Moen Foss,,8,177,Lillestrøm,LSK,2,DEF,a,,590,0,0,2,6,0,0,0,1,0,0,0,0.000000,21,42,0.4
166,214957,Ruben,Gabrielsen,Gabrielsen,,8,177,Lillestrøm,LSK,2,DEF,a,,1080,0,0,4,13,0,0,0,1,0,0,0,0.000000,34,47,3.2
167,1713399,Lucas,Svenningsen,Svenningsen,,8,177,Lillestrøm,LSK,2,DEF,a,,1,0,0,0,0,0,0,0,0,0,0,0,0.000000,1,39,0.3
168,1988551,Frederik,Elkær,Elkær,,8,177,Lillestrøm,LSK,2,DEF,a,,326,0,1,1,4,0,0,0,0,0,0,0,0.000000,15,55,0.5
169,1970930,Uba,Charles Nwokoma,Uba Charles,,1,15,Aalesund,AaFK,2,DEF,a,,879,0,2,0,20,0,0,0,1,0,0,3,0.000000,21,45,0.4
170,325192,Ylldren,Ibrahimaj,Ibrahimaj,,8,177,Lillestrøm,LSK,3,MID,a,,1110,0,2,5,12,0,0,0,5,0,0,3,0.000000,34,53,1.7
171,1661628,Markus,Karlsbakk,Karlsbakk,,8,177,Lillestrøm,LSK,3,MID,a,,1149,4,1,4,14,0,0,0,2,0,0,7,0.000000,59,71,18.7
172,1540744,Eric,Kitolano,E. Kitolano,,8,177,Lillestrøm,LSK,3,MID,i,Legg - Forventet tilbake 9. august,398,0,0,2,2,0,0,0,0,0,0,0,0.000000,11,68,4.4
173,1580759,Kevin,Krygård,Krygård,,8,177,Lillestrøm,LSK,3,MID,a,,108,0,0,0,1,0,0,0,1,0,0,0,0.000000,4,45,0.2
174,1838206,Harald,Woxen,Woxen,,8,177,Lillestrøm,LSK,3,MID,a,,196,0,0,0,3,0,0,0,0,1,0,0,0.000000,6,53,0.1
175,2050511,Linus,Alperud,Alperud,,8,177,Lillestrøm,LSK,3,MID,d,Ankel - 25 % sjanse for å spille,194,1,0,0,2,0,0,0,0,0,0,0,0.000000,13,54,0.1
176,2033039,Salieu,Drammeh,Drammeh,,8,177,Lillestrøm,LSK,3,MID,u,Overgang til Standard Liège,978,2,2,6,10,0,0,0,0,0,0,4,0.000000,49,62,3.9
177,2003104,Efe,Lucky,Lucky,,8,177,Lillestrøm,LSK,3,MID,u,Kontrakt terminert,0,0,0,0,0,0,0,0,0,0,0,0,0.000000,0,49,0.0
178,1872936,Angelos,Chaminta,Chaminta,,8,177,Lillestrøm,LSK,3,MID,u,Lån til Kongsvinger,0,0,0,0,0,0,0,0,0,0,0,0,0.000000,0,43,0.1
179,2004897,Felix,Va,Va,,8,177,Lillestrøm,LSK,3,MID,a,,1082,3,5,4,13,0,0,0,1,0,0,11,0.000000,71,64,16.8
180,1793725,Gustav,Nyheim,Nyheim,,8,177,Lillestrøm,LSK,3,MID,a,,768,4,2,2,10,0,0,0,2,0,0,12,0.000000,59,56,3.0
181,2057438,Camil,Jebara,Jebara,,8,177,Lillestrøm,LSK,3,MID,d,Smell - 25 % sjanse for å spille,329,1,1,0,4,0,0,0,1,0,0,0,0.000000,20,57,0.1
182,2033036,Kparobo,Arierhi,Arierhi,,8,177,Lillestrøm,LSK,4,FWD,a,,244,1,0,1,4,0,0,0,0,0,0,0,0.000000,17,59,0.6
183,47482,Thomas,Lehne Olsen,Lehne Olsen,,8,177,Lillestrøm,LSK,4,FWD,a,,713,4,2,5,6,0,0,1,0,0,0,5,0.000000,43,80,28.4
184,1896361,Markus,Wæhler,Wæhler,,8,177,Lillestrøm,LSK,4,FWD,u,Lån til Strømmen,6,0,0,0,0,0,0,0,0,0,0,0,0.000000,1,54,0.1
185,1621340,Yaw,Paintsil,Paintsil,,8,177,Lillestrøm,LSK,2,DEF,a,,490,0,1,2,6,0,0,0,1,0,0,0,0.000000,23,48,0.4
186,1537559,Isak,Helstad Amundsen,Amundsen,,9,3,Molde,MOL,2,DEF,a,,184,0,0,0,5,0,0,0,1,0,0,0,0.000000,5,43,0.1
187,302884,Eirik,Haugan,Haugan,,9,3,Molde,MOL,2,DEF,a,,241,0,0,0,7,0,0,0,0,0,0,0,0.000000,8,42,2.8
188,49607,Martin,Linnes,Linnes,,9,3,Molde,MOL,2,DEF,d,Lår - 50 % sjanse for å spille,323,0,0,0,5,0,0,0,0,0,0,0,0.000000,9,54,0.4
189,1577144,Casper,Øyvann,Øyvann,,9,3,Molde,MOL,2,DEF,a,,0,0,0,0,0,0,0,0,0,0,0,0,0.000000,0,43,0.1
190,1589895,Halldor,Stenevik,Stenevik,,9,3,Molde,MOL,2,DEF,d,Smell - 50 % sjanse for å spille,1080,0,2,3,15,0,0,0,1,0,0,0,0.000000,36,51,5.6
191,23114,Fredrik,Gulbrandsen,Gulbrandsen,,8,177,Lillestrøm,LSK,4,FWD,a,,636,4,1,2,4,0,0,0,3,0,0,3,0.000000,37,74,5.8
192,1996832,Albert,Posiadała,Posiadała,,9,3,Molde,MOL,1,GK,a,,827,0,0,2,11,0,0,0,2,0,30,2,0.000000,31,47,5.7
193,1601181,Emil,Varhaugvik Breivik,Breivik,,9,3,Molde,MOL,3,MID,a,,1162,6,2,4,16,0,0,0,1,0,0,11,0.000000,76,75,47.2
194,2025801,Daniel,Daga,Daga,,9,3,Molde,MOL,3,MID,a,,56,0,0,0,1,0,0,0,0,0,0,0,0.000000,1,48,0.0
195,46688,Kristian,Eriksen,Eriksen,,3,298,Brann,BRA,3,MID,a,,843,3,4,2,15,0,0,0,3,0,0,4,0.000000,52,79,4.6
196,1854810,Sondre,Granaas,Granaas,,9,3,Molde,MOL,3,MID,a,,614,1,3,2,7,0,0,0,2,0,0,1,0.000000,32,50,0.5
197,133035,Eirik,Hestad,Hestad,,9,3,Molde,MOL,3,MID,a,,773,5,2,4,8,0,0,0,5,0,0,5,0.000000,55,62,2.9
198,207598,Mats,Møller Dæhli,Møller Dæhli,,9,3,Molde,MOL,3,MID,d,Smell - 50 % sjanse for å spille,603,0,1,2,8,0,0,0,1,0,0,3,0.000000,22,50,0.3
199,2036537,Samukelo,Kabini,Kabini,,9,3,Molde,MOL,2,DEF,a,,765,0,1,3,10,0,0,0,2,2,0,4,0.000000,25,55,3.3
200,2037485,Caleb,Zady Sery,Zady Sery,,9,3,Molde,MOL,3,MID,a,,381,0,2,0,7,0,0,0,0,0,0,1,0.000000,18,68,2.3
201,312566,Birk,Risa,Risa,,9,3,Molde,MOL,2,DEF,a,,898,0,0,2,9,0,0,0,1,0,0,3,0.000000,28,50,0.9
202,1803312,Oskar,Spiten-Nysæter,Spiten,,9,3,Molde,MOL,3,MID,a,,274,1,0,1,4,0,0,0,1,0,0,1,0.000000,16,80,0.3
203,2051892,Jacob,Steen Christensen,Christensen,,9,3,Molde,MOL,3,MID,a,,481,0,0,1,7,0,0,0,0,0,0,0,0.000000,15,50,0.1
204,1688244,Peder,Hoel Lervik,Lervik,,9,3,Molde,MOL,1,GK,a,,0,0,0,0,0,0,0,0,0,0,0,0,0.000000,0,45,0.1
205,2058352,Mads,Kikkenborg,Kikkenborg,,9,3,Molde,MOL,1,GK,i,Akilles - Ute resten av sesongen,342,0,1,1,6,0,0,0,0,0,7,0,0.000000,14,47,0.8
206,2058741,Viktor,Bender,Bender,,9,3,Molde,MOL,3,MID,a,,96,0,0,0,2,0,0,0,1,0,0,0,0.000000,5,46,0.1
207,1847799,Blerton,Isufi,Isufi,,9,3,Molde,MOL,3,MID,a,,54,0,0,0,0,0,0,0,0,0,0,0,0.000000,4,48,0.0
208,1703335,Sivert,Sira Hansen,Sira Hansen,,9,3,Molde,MOL,2,DEF,a,,1110,0,2,3,16,0,0,0,1,0,0,7,0.000000,44,52,7.1
209,1597807,Fredrik,Kristensen Dahl,Dahl,,9,3,Molde,MOL,2,DEF,i,Kne - Forventet tilbake 2. august,0,0,0,0,0,0,0,0,0,0,0,0,0.000000,0,49,0.0
210,1688818,Mikkel,Konradsen Ceïde,M. Ceïde,,10,145,Rosenborg,RBK,2,DEF,a,,436,0,0,2,6,0,0,0,1,0,0,0,0.000000,14,43,2.7
211,1798418,Tobias,Dahl,Dahl,,10,145,Rosenborg,RBK,2,DEF,a,,736,0,0,1,13,0,0,0,1,0,0,1,0.000000,17,45,0.2
212,2025084,Jonas,Mortensen,Mortensen,,10,145,Rosenborg,RBK,2,DEF,a,,472,0,0,1,6,0,0,0,1,0,0,0,0.000000,15,44,0.1
213,1996735,Tomáš,Nemčík,Nemčík,,10,145,Rosenborg,RBK,2,DEF,a,,889,0,0,4,12,0,0,0,2,0,0,5,0.000000,35,52,1.8
214,1616018,Adrian,Pereira,Pereira,,10,145,Rosenborg,RBK,2,DEF,a,,301,0,0,2,3,0,0,0,0,0,0,0,0.000000,17,54,9.3
215,3698988,Elias,Sandrød,Sandrød,,10,145,Rosenborg,RBK,2,DEF,u,På lån til Stjørdals-Blink,0,0,0,0,0,0,0,0,0,0,0,0,0.000000,0,40,0.1
216,1840523,Håkon,Singsdal Volden,Singsdal Volden,,10,145,Rosenborg,RBK,2,DEF,a,,315,0,0,0,6,0,0,0,0,0,0,0,0.000000,4,49,0.4
217,1579916,Ulrik,Yttergård Jenssen,Y. Jenssen,,8,177,Lillestrøm,LSK,2,DEF,u,Overgang til Odense,634,0,0,4,5,0,0,0,1,0,0,0,0.000000,30,45,2.6
218,1886317,Dino,Islamovic,Islamovic,,10,145,Rosenborg,RBK,4,FWD,i,Legg - Ute på ubestemt tid,531,2,0,0,11,0,0,1,1,0,0,2,0.000000,22,80,10.8
219,1654109,Rasmus,Semundseth Sandberg,Semundseth,,10,145,Rosenborg,RBK,1,GK,a,,0,0,0,0,0,0,0,0,0,0,0,0,0.000000,0,44,0.3
220,67078,Iver,Fossum,Fossum,,10,145,Rosenborg,RBK,3,MID,a,,671,1,3,3,9,0,0,0,0,0,0,0,0.000000,35,47,2.1
221,1688819,Emil,Konradsen Ceïde,E. Ceïde,,10,145,Rosenborg,RBK,3,MID,a,,1046,1,5,4,16,0,0,0,1,0,0,4,0.000000,52,75,9.8
222,1840518,Jesper,Reitan-Sunde,Reitan-Sunde,,10,145,Rosenborg,RBK,3,MID,a,,39,0,0,0,0,0,0,0,2,0,0,0,0.000000,2,49,0.0
223,2017709,Noah,Sahsah,Sahsah,,10,145,Rosenborg,RBK,3,MID,a,,251,0,1,0,6,0,0,0,0,0,0,0,0.000000,11,60,0.1
224,200083,Ole,Selnæs,Selnæs,,10,145,Rosenborg,RBK,3,MID,a,,649,0,3,2,7,0,0,0,2,0,0,2,0.000000,26,49,0.5
225,1962696,Santeri,Väänänen,Väänänen,,10,145,Rosenborg,RBK,3,MID,u,Overgang til Karlsruher,447,0,0,1,8,0,0,0,0,0,0,0,0.000000,13,49,0.1
226,1849238,Elias,Slørdal,Slørdal,,10,145,Rosenborg,RBK,3,MID,i,Fot - Ute på ubestemt tid,0,0,0,0,0,0,0,0,0,0,0,0,0.000000,0,44,0.0
227,1862911,Isak,Holmen,Holmen,,10,145,Rosenborg,RBK,3,MID,a,,0,0,0,0,0,0,0,0,0,0,0,0,0.000000,0,44,0.0
228,320444,Aslak,Fonn Witry,Witry,,10,145,Rosenborg,RBK,2,DEF,a,,578,0,0,1,11,0,0,0,4,0,0,1,0.000000,10,54,2.0
229,2050711,Dávid,Duris,Duris,,10,145,Rosenborg,RBK,3,MID,a,,375,1,0,2,4,0,0,0,1,0,0,1,0.000000,17,68,1.3
230,1761642,Simen,Bolkan Nordli,Bolkan Nordli,,10,145,Rosenborg,RBK,3,MID,a,,501,3,0,2,8,0,0,0,2,0,0,3,0.000000,33,70,0.5
231,1941598,Aleksander,Borgersen,Borgersen,,10,145,Rosenborg,RBK,3,MID,a,,0,0,0,0,0,0,0,0,0,0,0,0,0.000000,0,48,0.0
232,1866330,Leopold,Wahlstedt,Wahlstedt,,10,145,Rosenborg,RBK,1,GK,a,,1170,0,0,4,18,0,0,0,1,0,40,1,0.000000,44,50,2.6
233,1808349,Haakon,Ingdal Sørum,Sørum,,10,145,Rosenborg,RBK,1,GK,a,,0,0,0,0,0,0,0,0,0,0,0,0,0.000000,0,39,0.3
234,1815091,Håkon,Røsten,Røsten,,10,145,Rosenborg,RBK,2,DEF,a,,675,0,0,2,12,0,0,0,1,0,0,2,0.000000,20,45,0.2
235,163662,Jonas,Svensson,Svensson,,10,145,Rosenborg,RBK,2,DEF,d,Lår - 50 % sjanse for å spille,396,1,1,1,5,0,0,0,2,0,0,0,0.000000,20,50,2.4
236,2060192,Mads,Bomholt,Bomholt,,10,145,Rosenborg,RBK,3,MID,a,,1053,1,1,4,15,0,0,0,1,0,0,5,0.000000,41,65,2.1
237,2060228,Amin,Chiakha,Chiakha,,10,145,Rosenborg,RBK,3,MID,a,,1067,5,0,4,16,0,0,0,1,0,0,4,0.000000,57,71,8.5
238,1725695,Johan,Bakke,Bakke,,10,145,Rosenborg,RBK,3,MID,a,,259,0,0,0,6,0,0,0,0,0,0,0,0.000000,9,57,0.2
239,1661511,Jacob,Hanstad,Hanstad,,11,195,Sandefjord,SAN,3,MID,u,Overgang til Stabæk,57,0,0,0,0,0,0,0,1,0,0,0,0.000000,1,54,0.0
240,1536092,Stian,Kristiansen,Kristiansen,,8,177,Lillestrøm,LSK,2,DEF,a,,277,0,0,0,6,0,0,0,0,0,0,0,0.000000,8,42,8.3
241,1792894,Filip,Loftesnes-Bjune,Loftesnes-Bjune,,11,195,Sandefjord,SAN,2,DEF,i,Lår - Forventet tilbake 6. september,34,0,0,0,0,0,0,0,0,0,0,0,0.000000,3,44,0.0
242,1658867,Fredrik,Carson Pedersen,Carson,,11,195,Sandefjord,SAN,2,DEF,a,,1146,0,0,4,17,0,0,0,2,0,0,1,0.000000,35,45,0.9
243,2031636,Zinedin,Smajlović,Smajlović,,11,195,Sandefjord,SAN,2,DEF,u,Overgang til Olympiakos,896,0,1,4,12,0,0,0,0,1,0,9,0.000000,41,52,5.9
244,1727187,Vetle,Walle Egeli,Walle Egeli,,11,195,Sandefjord,SAN,2,DEF,a,,1166,0,2,4,17,0,0,0,1,0,0,2,0.000000,43,47,5.5
245,1735316,Alf Lukas,Grønneberg,Grønneberg,,11,195,Sandefjord,SAN,1,GK,a,,0,0,0,0,0,0,0,0,0,0,0,0,0.000000,0,39,1.9
246,1866009,Elias,Hadaya,Hadaya,,11,195,Sandefjord,SAN,1,GK,a,,1170,0,0,4,17,0,0,0,1,0,41,2,0.000000,47,51,3.5
247,1646531,Jacob,Maslø Dunsby,Dunsby,,11,195,Sandefjord,SAN,3,MID,a,,582,0,1,2,9,0,0,0,1,0,0,0,0.000000,18,73,1.9
248,2029331,Robin,Dzabic,Dzabic,,11,195,Sandefjord,SAN,3,MID,u,På lån til Degerfors,93,0,0,0,1,0,0,0,0,0,0,0,0.000000,9,53,0.0
249,1718708,Sebastian,Holm Mathisen,Holm Mathisen,,11,195,Sandefjord,SAN,4,FWD,a,,199,2,0,0,5,0,0,0,1,0,0,0,0.000000,19,52,0.7
250,1626586,Marcus,Melchior,Melchior,,11,195,Sandefjord,SAN,3,MID,a,,608,0,0,2,9,0,0,0,2,0,0,0,0.000000,16,53,0.1
251,2031639,Evangelos,Patoulidis,Patoulidis,,11,195,Sandefjord,SAN,3,MID,a,,896,3,1,4,14,0,0,0,0,0,0,2,0.000000,47,72,4.6
252,1622993,Sander,Risan Mørk,Risan Mørk,,11,195,Sandefjord,SAN,3,MID,a,,1156,1,0,4,16,0,0,0,1,0,0,6,0.000000,40,47,7.7
253,1858367,Bendik,Slotfeldt Berntsen,Berntsen,,11,195,Sandefjord,SAN,3,MID,a,,448,1,1,1,5,0,0,0,2,0,0,4,0.000000,25,59,0.1
254,1790155,Edvard,Sundbø Pettersen,Sundbø Pettersen,,11,195,Sandefjord,SAN,3,MID,a,,797,1,1,3,11,0,0,0,2,0,0,0,0.000000,28,54,0.1
255,1779857,Håkon,Krogelien,Krogelien,,11,195,Sandefjord,SAN,2,DEF,a,,13,0,0,0,1,0,0,0,0,0,0,0,0.000000,1,39,0.3
256,2056085,Jakob,Vester,Vester,,11,195,Sandefjord,SAN,3,MID,s,Suspendert - Forventet tilbake 1. august,524,1,0,0,11,0,0,0,2,1,0,0,0.000000,14,57,0.2
257,1858377,Jakob,Swift,Swift,,11,195,Sandefjord,SAN,3,MID,a,,0,0,0,0,0,0,0,0,0,0,0,0,0.000000,0,44,0.0
258,2018028,Nikolaj,Duus Möller,Möller,,11,195,Sandefjord,SAN,4,FWD,a,,969,3,0,5,12,0,0,1,3,0,0,0,0.000000,32,57,3.9
259,2060648,Xander,Lambrix,Lambrix,,11,195,Sandefjord,SAN,2,DEF,a,,1170,0,1,4,17,0,0,0,2,0,0,4,0.000000,41,47,3.4
260,1468007,Sondre,Sørli,Sørli,,12,797,Sarpsborg 08,S08,3,MID,a,,1140,2,3,3,15,0,0,0,1,0,0,6,0.000000,53,65,4.5
261,306540,Håvar,Jenssen,Jenssen,,6,306,KFUM Oslo,KFUM,1,GK,a,,270,0,0,0,8,0,0,0,0,0,7,0,0.000000,3,39,12.3
262,1697435,Sander,Christiansen,Christiansen,,12,797,Sarpsborg 08,S08,3,MID,a,,851,1,1,2,12,0,0,0,1,0,0,4,0.000000,33,46,1.3
263,1696649,Anders,Hiim,Hiim,,12,797,Sarpsborg 08,S08,2,DEF,a,,1170,1,0,3,16,0,0,0,1,0,0,0,0.000000,39,44,1.4
264,2017593,Menno,Koch,Koch,,12,797,Sarpsborg 08,S08,2,DEF,u,Kontrakt utløpt,471,0,0,0,9,0,0,0,2,0,0,0,0.000000,10,42,1.6
265,207938,Magnar,Ødegård,Ødegård,,12,797,Sarpsborg 08,S08,2,DEF,a,,250,0,0,2,2,0,0,0,1,0,0,0,0.000000,17,44,0.2
266,1634211,Peter,Reinhardsen,Reinhardsen,,12,797,Sarpsborg 08,S08,2,DEF,a,,0,0,0,0,0,0,0,0,0,0,0,0,0.000000,0,50,0.1
267,1739749,Nikolai,Skuseth,Skuseth,,12,797,Sarpsborg 08,S08,2,DEF,u,På lån til Degerfors,15,0,0,0,1,0,0,0,0,0,0,0,0.000000,5,44,0.1
268,1556954,Eirik,Wichne,Wichne,,12,797,Sarpsborg 08,S08,2,DEF,a,,380,0,0,0,5,0,0,0,1,0,0,0,0.000000,10,48,0.5
269,214441,Jo Inge,Berget,Berget,,12,797,Sarpsborg 08,S08,3,MID,a,,157,0,0,0,2,0,0,0,1,0,0,0,0.000000,6,65,0.9
270,1728468,Daniel,Karlsbakk,Karlsbakk,,12,797,Sarpsborg 08,S08,4,FWD,a,,1131,4,0,3,15,0,0,1,1,0,0,0,0.000000,39,86,14.6
271,1534993,Alagie,Sanyang,Sanyang,,12,797,Sarpsborg 08,S08,3,MID,u,Overgang til Stabæk,0,0,0,0,0,0,0,0,0,0,0,0,0.000000,0,50,0.0
272,1997548,Mamour,Ndiaye,Ndiaye,,12,797,Sarpsborg 08,S08,1,GK,u,Overgang til St. Etienne,900,0,0,1,12,0,1,0,3,1,34,3,0.000000,33,49,4.5
273,1568480,Leander,Øy,Øy,,12,797,Sarpsborg 08,S08,1,GK,a,,270,0,0,2,4,0,0,0,0,0,4,3,0.000000,15,42,2.6
274,2017629,Frederik,Carstensen,Carstensen,,12,797,Sarpsborg 08,S08,3,MID,i,Smell - Ute på ubestemt tid,0,0,0,0,0,0,0,0,0,0,0,0,0.000000,0,59,0.0
275,3396249,Martin,Håheim-Elveseter,Elveseter,,12,797,Sarpsborg 08,S08,3,MID,u,Utlån til Egersund,0,0,0,0,0,0,0,0,0,0,0,0,0.000000,0,50,0.0
276,1743719,Victor,Halvorsen,Halvorsen,,12,797,Sarpsborg 08,S08,3,MID,a,,845,3,1,3,12,0,0,0,0,0,0,4,0.000000,46,54,0.9
277,95344,Niklas,Sandberg,Sandberg,,12,797,Sarpsborg 08,S08,3,MID,u,Overgang til FK Haugesund,0,0,0,0,0,0,0,0,0,0,0,0,0.000000,0,50,0.1
278,1994959,Aimar,Sher,Sher,,12,797,Sarpsborg 08,S08,3,MID,a,,876,1,1,1,14,0,0,0,1,0,0,0,0.000000,28,48,0.3
279,1857200,Mathias,Svenningsen-Grønn,Svenningsen-Grønn,,12,797,Sarpsborg 08,S08,3,MID,a,,20,0,0,0,1,0,0,0,0,0,0,0,0.000000,2,45,0.1
280,2017594,Carljohan,Eriksson,Eriksson,,12,797,Sarpsborg 08,S08,1,GK,a,,0,0,0,0,0,0,0,0,0,0,0,0,0.000000,0,44,0.3
281,2050918,Michael,Opoku,Opoku,,12,797,Sarpsborg 08,S08,3,MID,a,,176,0,1,0,3,0,0,0,0,0,0,0,0.000000,8,63,0.1
282,2050990,Andreas,Nibe,Nibe,,12,797,Sarpsborg 08,S08,3,MID,a,,1035,1,0,3,13,0,0,0,0,0,0,0,0.000000,33,52,0.1
283,107822,Bjørn Inge,Utvik,Utvik,,12,797,Sarpsborg 08,S08,2,DEF,a,,1170,0,1,3,16,0,0,0,2,0,0,8,0.000000,43,46,1.7
284,31810,Sigurd,Rosted,Rosted,,12,797,Sarpsborg 08,S08,2,DEF,i,Ankel - Ute på ubestemt tid,522,0,0,1,6,0,0,0,0,0,0,2,0.000000,17,42,0.4
285,1624129,Claus,Niyukuri,Niyukuri,,12,797,Sarpsborg 08,S08,2,DEF,a,,792,1,3,2,10,0,0,0,1,0,0,8,0.000000,49,47,10.3
286,1779018,Jesper,Gregersen,Gregersen,,12,797,Sarpsborg 08,S08,3,MID,u,Utlån til Egersund,0,0,0,0,0,0,0,0,0,0,0,0,0.000000,0,45,0.1
287,2050851,Bop,Gueye,Gueye,,12,797,Sarpsborg 08,S08,3,MID,a,,75,0,0,0,2,0,0,0,0,0,0,0,0.000000,11,54,0.1
288,1927033,Noa,Williams,Williams,,12,797,Sarpsborg 08,S08,3,MID,a,,590,0,3,3,7,0,0,0,0,0,0,0,0.000000,31,62,0.4
289,2060159,Camil,Mmaee,Mmaee,,12,797,Sarpsborg 08,S08,3,MID,a,,0,0,0,0,0,0,0,0,0,0,0,0,0.000000,0,59,0.0
290,2018511,Jacob,Pryts Larsen,Pryts,,13,261,Start,STA,1,GK,a,,1260,0,0,1,33,0,1,0,1,0,35,3,0.000000,32,46,4.3
291,1621400,Jasper,Silva Torkildsen,Torkildsen,,13,261,Start,STA,1,GK,i,Bryst - Forventet tilbake 8. august,0,0,0,0,0,0,0,0,0,0,0,0,0.000000,0,39,12.3
292,1718858,Storm,Strand-Kolbjørnsen,Strand-Kolbjørnsen,,13,261,Start,STA,1,GK,i,Kne - Ute på ubestemt tid,0,0,0,0,0,0,0,0,0,0,0,0,0.000000,0,39,0.8
293,1629145,Altin,Ujkani,Ujkani,,13,261,Start,STA,2,DEF,a,,232,0,0,1,4,0,0,0,0,1,0,0,0.000000,5,44,0.0
294,2027538,Omar,Jebali,Jebali,,13,261,Start,STA,2,DEF,u,Overgang til Moss,818,0,3,1,23,0,0,0,1,0,0,4,0.000000,28,42,4.1
295,85994,John Olav,Norheim,Norheim,,13,261,Start,STA,2,DEF,a,,856,0,0,1,23,0,0,0,2,0,0,0,0.000000,12,44,0.2
296,2018020,Sebastian,Griesbeck,Griesbeck,,13,261,Start,STA,2,DEF,a,,287,0,0,0,11,0,0,0,1,0,0,0,0.000000,5,43,0.0
297,1561912,Kristoffer,Tønnessen,Tønnessen,,13,261,Start,STA,2,DEF,i,Legg - Forventet tilbake 20. september,443,0,0,0,8,0,0,0,1,0,0,0,0.000000,7,44,0.3
298,2058446,Johan,Meyer,Meyer,,13,261,Start,STA,2,DEF,d,Lyske - 50 % sjanse for å spille,0,0,0,0,0,0,0,0,0,0,0,0,0.000000,0,44,0.0
299,2030215,Steve,Mvoué,Mvoué,,13,261,Start,STA,3,MID,a,,421,2,0,1,7,0,0,0,3,0,0,0,0.000000,19,45,0.7
300,2050509,Markus,Soomets,Soomets,,13,261,Start,STA,3,MID,a,,479,0,0,0,14,0,0,0,0,0,0,0,0.000000,14,44,0.2
301,1619929,Mikael,Ugland,Ugland,,13,261,Start,STA,3,MID,a,,1094,0,1,1,27,0,0,0,3,0,0,1,0.000000,28,50,0.3
302,3078041,Adrian,Eftestad Nilsen,Nilsen,,13,261,Start,STA,3,MID,u,Overgang til Arendal,0,0,0,0,0,0,0,0,0,0,0,0,0.000000,0,45,0.0
303,1859290,Lukas,Hjelleset Gausdal,Gausdal,,13,261,Start,STA,3,MID,a,,260,0,0,0,10,0,0,0,0,0,0,0,0.000000,9,44,0.2
304,303058,Erlend,Segberg,Segberg,,13,261,Start,STA,3,MID,a,,1182,1,2,1,28,0,0,0,3,0,0,2,0.000000,39,46,1.5
305,1773740,Alexander,Gurendal,Gurendal,,13,261,Start,STA,4,FWD,u,På lån til Hønefoss,52,0,0,0,2,0,0,0,1,0,0,0,0.000000,4,49,0.1
306,1621712,Deni,Alijevitsj Dasjajev,Dasjajev,,13,261,Start,STA,2,DEF,a,,39,0,0,0,3,0,0,0,0,0,0,0,0.000000,1,44,0.0
307,296226,Fredrik,Pålerud,Pålerud,,13,261,Start,STA,2,DEF,a,,141,0,0,0,6,0,0,0,1,0,0,0,0.000000,4,45,0.0
308,1753659,Ousmane,Diallo Toure,Diallo,,13,261,Start,STA,2,DEF,a,,702,2,0,0,22,0,0,0,3,1,0,1,0.000000,19,44,0.2
309,1958396,Tom,Strannegård,Strannegård,,13,261,Start,STA,2,DEF,a,,1238,1,4,1,32,0,0,0,0,0,0,5,0.000000,43,46,1.7
310,1821112,Felix,Kutsche Eriksen,Eriksen,,13,261,Start,STA,4,FWD,u,På lån i Ull/Kisa,0,0,0,0,0,0,0,0,0,0,0,0,0.000000,0,45,0.7
311,1788965,Marius,Nordal,Nordal,,13,261,Start,STA,4,FWD,d,Sykdom - 50 % sjanse for å spille,9,0,0,0,0,0,0,0,0,0,0,0,0.000000,1,45,0.4
312,2057372,Jesper,Cornelius,Cornelius,,13,261,Start,STA,4,FWD,a,,1079,4,1,1,24,0,0,1,0,0,0,6,0.000000,50,57,3.4
313,88873,Eirik,Schulze,Schulze,,13,261,Start,STA,3,MID,a,,600,1,1,0,16,0,0,0,1,0,0,1,0.000000,25,58,1.0
314,319803,Håkon,Lorentzen,Lorentzen,,13,261,Start,STA,4,FWD,a,,960,2,2,1,21,0,0,0,0,0,0,0,0.000000,38,52,4.3
315,1553018,Erlend,Dahl Reitan,Reitan,,13,261,Start,STA,2,DEF,a,,1154,1,0,1,27,0,0,0,5,0,0,3,0.000000,24,44,2.5
316,1575549,Jens,Berland Husebø,Husebø,,13,261,Start,STA,2,DEF,a,,121,0,0,0,5,0,0,0,0,0,0,0,0.000000,3,43,0.2
317,1718369,Sander,Håvik Innvær,Innvær,,14,2,Tromsø,TIL,2,DEF,a,,376,1,0,2,7,0,0,0,1,0,0,3,0.000000,25,47,0.3
318,1618096,Leo,Cornic,Cornic,,14,2,Tromsø,TIL,2,DEF,a,,1282,0,2,9,12,0,0,0,3,0,0,1,0.000000,67,64,39.6
319,1660513,Tobias,Guddal,Guddal,,14,2,Tromsø,TIL,2,DEF,a,,1350,0,2,8,15,0,0,0,2,0,0,5,0.000000,67,52,28.9
320,1637738,Vetle,Skjærvik,Skjærvik,,14,2,Tromsø,TIL,2,DEF,a,,1114,1,2,6,12,0,0,0,0,0,0,1,0.000000,60,49,7.5
321,1772935,Isak,Vådebu,Vådebu,,14,2,Tromsø,TIL,2,DEF,a,,951,1,0,6,13,0,0,0,1,0,0,4,0.000000,53,51,1.0
322,1937139,Jakob,Rønning Haugaard,Rønning Haugaard,,14,2,Tromsø,TIL,1,GK,a,,1350,0,1,8,15,0,0,0,0,0,35,4,0.000000,73,51,31.9
323,2018039,David,Edvardsson,Edvardsson,,14,2,Tromsø,TIL,3,MID,a,,1288,0,2,8,12,0,0,0,3,0,0,0,0.000000,40,49,2.3
324,1816761,Jens,Hjertø-Dahl,Hjertø-Dahl,,14,2,Tromsø,TIL,3,MID,a,,1195,7,2,8,14,0,0,0,1,0,0,8,0.000000,84,70,36.6
325,180293,Ruben,Yttergård Jenssen,Y. Jenssen,,14,2,Tromsø,TIL,3,MID,a,,1275,1,6,8,12,0,0,0,0,0,0,13,0.000000,74,61,11.8
326,1777985,Daniel,Braut,Braut,,14,2,Tromsø,TIL,4,FWD,a,,508,2,1,2,8,0,0,0,0,0,0,0,0.000000,29,61,5.2
327,58431,Ole Kristian,Lauvli,Lauvli,,14,2,Tromsø,TIL,1,GK,a,,0,0,0,0,0,0,0,0,0,0,0,0,0.000000,0,43,0.2
328,2037634,Abubacarr Sedi,Kinteh,Kinteh,,14,2,Tromsø,TIL,2,DEF,u,Overgang til Al-Ahli Saudi FC,598,0,0,3,6,0,0,0,0,0,0,8,0.000000,34,48,2.5
329,1875477,Mads,Mikkelsen,M. Mikkelsen,,14,2,Tromsø,TIL,3,MID,a,,7,0,0,0,0,0,0,0,0,0,0,0,0.000000,2,44,0.1
330,2050681,Alexander,Warneryd,Warneryd,,14,2,Tromsø,TIL,2,DEF,a,,945,2,4,6,12,0,0,0,1,1,0,8,0.000000,71,59,13.3
331,1584648,Lars,Olden Larsen,Olden Larsen,,14,2,Tromsø,TIL,3,MID,a,,915,1,1,6,8,0,0,0,2,0,0,1,0.000000,36,68,2.7
332,1684044,Johan,Solstad-Nøis,Solstad-Nøis,,14,2,Tromsø,TIL,3,MID,u,Lån til Lyn,7,0,0,0,0,0,0,0,0,0,0,0,0.000000,2,44,0.1
333,1748988,Mathias,Tønnessen,Tønnessen,,14,2,Tromsø,TIL,2,DEF,a,,102,0,0,1,2,0,0,0,0,0,0,0,0.000000,8,48,0.7
334,1656521,Jesper,Grundt,Grundt,,14,2,Tromsø,TIL,3,MID,a,,9,0,0,0,0,0,0,0,0,0,0,0,0.000000,1,58,0.0
335,1806511,Troy,Engseth Nyhammer,Nyhammer,,14,2,Tromsø,TIL,3,MID,a,,383,3,1,0,6,0,0,0,1,0,0,0,0.000000,31,58,0.2
336,1727392,Heine,Åsen Larsen,Larsen,,14,2,Tromsø,TIL,3,MID,a,,1048,6,2,7,9,0,0,0,1,0,0,10,0.000000,80,58,8.2
337,2061107,Viktor,Ekblom,Ekblom,,14,2,Tromsø,TIL,4,FWD,i,Lyske - Forventet tilbake 20. september,26,0,0,0,0,0,0,0,0,0,0,0,0.000000,1,64,0.1
338,2061421,Abderrahmane,Sarr,Sarr,,14,2,Tromsø,TIL,1,GK,a,,0,0,0,0,0,0,0,0,0,0,0,0,0.000000,0,39,0.3
339,97924,Kristoffer,Haugen,K. Haugen,,15,198,Viking,VIK,2,DEF,a,,1000,1,1,3,12,0,0,0,1,0,0,0,0.000000,40,61,5.3
340,92383,Veton,Berisha,Berisha,,15,198,Viking,VIK,4,FWD,i,Legg - Ute på ubestemt tid,8,0,0,0,0,0,0,0,0,0,0,0,0.000000,1,80,0.2
341,1928487,Anders,Bærtelsen,Bærtelsen,,15,198,Viking,VIK,2,DEF,a,,423,0,0,0,4,0,0,0,1,0,0,0,0.000000,12,48,0.5
342,1638744,Ruben,Alte,Alte,,15,198,Viking,VIK,3,MID,a,,678,1,1,3,9,0,0,0,2,0,0,7,0.000000,33,58,1.1
343,97605,Sondre,Flem Bjørshol,Bjørshol,,15,198,Viking,VIK,2,DEF,a,,142,1,0,0,1,0,0,0,1,0,0,0,0.000000,13,58,2.2
344,1704717,Henrik,Falchener,Falchener,,15,198,Viking,VIK,2,DEF,i,Lår - Forventet tilbake 8. august,900,2,1,3,10,0,0,0,2,0,0,6,0.000000,48,63,27.3
345,1612395,Herman,Haugen,H. Haugen,,15,198,Viking,VIK,2,DEF,a,,286,0,1,1,3,0,0,0,1,0,0,0,0.000000,17,48,0.3
346,1662744,Henrik,Heggheim,Heggheim,,15,198,Viking,VIK,2,DEF,s,Suspendert - Tilbake 1. august,1009,3,2,4,12,0,0,0,4,0,0,5,0.000000,63,63,32.6
347,1779112,Tobias Saliou Moi,Séne,Moi,,15,198,Viking,VIK,3,MID,a,,451,0,0,3,4,0,0,0,2,0,0,1,0.000000,14,45,0.3
348,1926835,Gianni Ryan,Stensness,Stensness,,15,198,Viking,VIK,2,DEF,a,,1035,3,0,4,12,0,0,0,3,0,0,3,0.000000,54,57,9.2
349,1784442,Vetle,Auklend,Auklend,,15,198,Viking,VIK,2,DEF,a,,176,0,0,0,1,0,0,0,0,0,0,0,0.000000,9,48,0.4
350,1606686,Viljar,Helland Vevatne,H. Vevatne,,15,198,Viking,VIK,2,DEF,a,,2,0,0,0,0,0,0,0,0,0,0,0,0.000000,2,44,0.1
351,1964671,Hilmir,Mikaelsson,Mikaelsson,,15,198,Viking,VIK,4,FWD,u,Overgang til SK Sigma Olomouc,92,0,0,0,2,0,0,0,0,0,0,0,0.000000,4,55,1.1
352,2060393,Ludomir,Belko,Belko,,15,198,Viking,VIK,1,GK,a,,810,0,0,2,10,0,1,0,0,0,14,0,0.000000,31,53,5.1
353,97901,Arild,Østbø,Østbø,,15,198,Viking,VIK,1,GK,a,,360,0,0,2,3,0,0,0,0,0,10,0,0.000000,16,43,5.5
354,1758692,Edvin,Austbø,Austbø,,15,198,Viking,VIK,3,MID,a,,334,1,1,2,3,0,0,0,1,0,0,0,0.000000,19,86,1.8
355,1886738,Joe,Bell,Bell,,15,198,Viking,VIK,3,MID,a,,669,0,1,2,8,0,0,0,0,0,0,2,0.000000,23,54,7.7
356,2004140,Peter,Christiansen,Christiansen,,15,198,Viking,VIK,4,FWD,a,,1049,7,3,4,11,0,0,0,2,0,0,9,0.000000,68,102,26.1
357,1814041,Niklas,Fuglestad,Fuglestad,,15,198,Viking,VIK,3,MID,a,,489,2,2,2,6,0,0,0,0,0,0,3,0.000000,37,60,2.0
358,1802598,Jakob,Segadal Hansen,Hansen,,15,198,Viking,VIK,3,MID,a,,161,0,0,0,3,0,0,0,0,0,0,0,0.000000,7,53,0.1
359,1703697,Simen,Kvia-Egeskog,Kvia,,15,198,Viking,VIK,3,MID,a,,1089,5,2,4,11,0,0,0,2,0,0,2,0.000000,60,67,11.8
360,91490,Zlatko,Tripic,Tripic,,15,198,Viking,VIK,3,MID,s,Suspendert - Tilbake 1. august,1115,4,15,5,12,0,0,0,4,0,0,20,0.000000,112,125,63.1
361,1840204,Ola,Visted,Visted,,15,198,Viking,VIK,3,MID,a,,221,0,0,0,1,0,0,0,1,0,0,0,0.000000,10,52,0.0
362,1574784,Martin Ove,Roseth,Roseth,,15,198,Viking,VIK,2,DEF,i,Kne - Forventet tilbake 14. august,0,0,0,0,0,0,0,0,0,0,0,0,0.000000,0,55,0.1
363,1676656,Kristoffer,Askildsen,Askildsen,,15,198,Viking,VIK,3,MID,a,,964,4,2,4,12,0,0,0,5,0,0,6,0.000000,55,64,2.5
364,189628,Vegard,Eggen Hedenstad,Hedenstad,,16,169882,Vålerenga,VIF,2,DEF,a,,190,0,0,0,5,0,0,0,1,0,0,0,0.000000,5,42,0.9
365,1673569,Sebastian,Jarl,Jarl,,16,169882,Vålerenga,VIF,2,DEF,a,,187,0,0,0,3,0,0,0,1,1,0,0,0.000000,0,44,0.3
366,1549402,Aaron,Kiil Olsen,K. Olsen,,16,169882,Vålerenga,VIF,2,DEF,a,,1055,0,0,3,19,0,0,0,4,0,0,0,0.000000,25,44,7.4
367,2029333,Noah,Pallas,Pallas,,16,169882,Vålerenga,VIF,2,DEF,u,På lån til Ranheim,0,0,0,0,0,0,0,0,0,0,0,0,0.000000,0,45,0.0
368,1640056,Magnus,Sjøeng,Sjøeng,,16,169882,Vålerenga,VIF,1,GK,i,Smell - Ute på ubestemt tid,0,0,0,0,0,0,0,0,0,0,0,0,0.000000,0,43,0.8
369,2059972,Magnus,Westergaard,Westergaard,,16,169882,Vålerenga,VIF,3,MID,a,,870,1,1,2,19,0,0,0,2,0,0,1,0.000000,31,53,0.2
370,2003707,Brice,Ambina,Ambina,,16,169882,Vålerenga,VIF,3,MID,a,,417,0,0,1,6,0,0,0,2,0,0,0,0.000000,13,53,0.2
371,1575610,Henrik,Bjørdal,Bjørdal,,16,169882,Vålerenga,VIF,3,MID,a,,1114,0,5,3,21,0,0,0,2,0,0,6,0.000000,48,62,5.0
372,37880,Elias,Hagen,Hagen,,1,15,Aalesund,AaFK,3,MID,a,,950,0,1,0,21,0,0,0,2,0,0,0,0.000000,23,47,0.4
373,2017587,Carl,Lange,Lange,,16,169882,Vålerenga,VIF,3,MID,a,,1126,3,1,2,22,0,0,0,1,0,0,6,0.000000,51,50,8.8
374,4063225,Obasi,Onyebuchi,Onyebuchi,,16,169882,Vålerenga,VIF,3,MID,u,Overgang til Hobro,0,0,0,0,0,0,0,0,0,0,0,0,0.000000,0,50,0.0
375,1831341,Stian,Sjøvold,Sjøvold,,16,169882,Vålerenga,VIF,3,MID,a,,0,0,0,0,0,0,0,0,0,0,0,0,0.000000,0,50,0.1
376,2029335,Elias,Sørensen,Sørensen,,16,169882,Vålerenga,VIF,3,MID,u,Overgang til PEC Zwolle,530,1,0,2,8,0,0,1,1,0,0,0,0.000000,17,70,11.5
377,199000,Petter,Strand,Strand,,16,169882,Vålerenga,VIF,2,DEF,a,,342,0,1,0,11,0,0,0,0,0,0,0,0.000000,14,47,0.8
378,1802439,Filip,Thorvaldsen,Thorvaldsen,,16,169882,Vålerenga,VIF,3,MID,a,,709,3,1,2,11,0,0,0,0,0,0,3,0.000000,42,72,3.0
379,2031170,Kevin,Tshiembe,Tshiembe,,16,169882,Vålerenga,VIF,2,DEF,a,,192,0,0,0,4,0,0,0,0,0,0,0,0.000000,6,45,0.0
380,1706837,Håkon,Sjåtil,Sjåtil,,16,169882,Vålerenga,VIF,2,DEF,a,,820,0,0,3,15,0,0,0,2,0,0,1,0.000000,26,45,1.2
381,1571045,Mohamed,Ofkir,Ofkir,,16,169882,Vålerenga,VIF,3,MID,a,,49,2,0,0,2,0,0,0,0,0,0,0,0.000000,12,65,0.1
382,1561501,Mathias,Grundetjern,Grundetjern,,16,169882,Vålerenga,VIF,4,FWD,a,,914,2,3,4,14,0,0,0,1,0,0,2,0.000000,41,75,5.1
383,2050550,Oscar,Hedvall,Hedvall,,16,169882,Vålerenga,VIF,1,GK,a,,1170,0,0,2,22,0,1,0,0,0,43,6,0.000000,47,50,8.8
384,2051483,Promise,Meliga,Meliga Jr.,,16,169882,Vålerenga,VIF,3,MID,a,,237,3,0,0,4,0,0,0,2,0,0,6,0.000000,28,61,1.7
385,312482,Ivan,Näsberg,Fjellstad Näsberg,,16,169882,Vålerenga,VIF,2,DEF,a,,998,1,0,2,19,0,0,0,2,0,0,4,0.000000,33,43,5.8
386,2060135,Kolbeinn,Finnsson,Finnsson,,16,169882,Vålerenga,VIF,2,DEF,a,,1170,0,4,2,22,0,0,0,3,0,0,3,0.000000,38,51,2.1
387,316758,Ole Christian,Sæter,Sæter,,16,169882,Vålerenga,VIF,4,FWD,d,Smell - 75 % sjanse for å spille,108,0,0,0,1,0,0,0,1,0,0,0,0.000000,4,77,7.4
388,1997560,Lucas,Ravn-Haren,Haren,,16,169882,Vålerenga,VIF,3,MID,a,,704,5,0,1,12,0,0,0,1,0,0,2,0.000000,45,65,0.5
389,1908479,Evenezer,Awasum Forcha,Awasum,,16,169882,Vålerenga,VIF,3,MID,a,,0,0,0,0,0,0,0,0,0,0,0,0,0.000000,0,44,0.2
390,1895722,Alexander,Ordal,Ordal,,16,169882,Vålerenga,VIF,1,GK,a,,0,0,0,0,0,0,0,0,0,0,0,0,0.000000,0,40,0.7
391,1946339,Gabriel,Rajkovic,Rajkovic,,16,169882,Vålerenga,VIF,3,MID,a,,92,0,0,0,3,0,0,0,0,0,0,0,0.000000,7,51,0.5
392,1604032,Kristoffer,Klaesson,Klaesson,,1,15,Aalesund,AaFK,1,GK,u,Lagt opp,990,0,0,0,20,0,1,0,2,0,40,0,0.000000,28,46,7.9
393,1615177,Tor Erik,Larsen,Larsen,,1,15,Aalesund,AaFK,1,GK,a,,180,0,0,0,8,0,0,0,0,0,12,0,0.000000,3,39,4.1
394,2057342,Emil,Engqvist,Engqvist,,1,15,Aalesund,AaFK,2,DEF,a,,311,0,0,0,10,1,0,0,2,0,0,0,0.000000,2,43,0.1
395,2024803,Ólafur,Gudmundsson,Gudmundsson,,1,15,Aalesund,AaFK,2,DEF,a,,783,0,0,0,18,0,0,0,0,0,0,0,0.000000,10,43,0.1
396,1809949,Simen,Haram,Haram,,1,15,Aalesund,AaFK,2,DEF,a,,640,0,0,0,14,0,0,0,0,0,0,0,0.000000,11,44,0.2
397,1754125,Aleksander,Hammer Kjelsen,Kjelsen,,1,15,Aalesund,AaFK,2,DEF,i,Lår - Forventet tilbake 16. august,1100,0,0,0,22,0,0,0,3,0,0,0,0.000000,15,44,0.3
398,1723137,Erik,Frøysa,Frøysa,,1,15,Aalesund,AaFK,2,DEF,u,På lån til Raufoss,0,0,0,0,0,0,0,0,0,0,0,0,0.000000,0,40,0.3
399,1704880,Jørgen,Bøe,Bøe,,1,15,Aalesund,AaFK,2,DEF,a,,0,0,0,0,0,0,0,0,0,0,0,0,0.000000,0,40,0.2
400,1541202,Philip,Aukland,Aukland,,1,15,Aalesund,AaFK,2,DEF,a,,343,0,0,0,9,0,0,0,1,0,0,0,0.000000,4,45,0.1
401,1669076,Håkon,Hammer,Hammer,,1,15,Aalesund,AaFK,3,MID,a,,401,0,1,0,13,0,0,0,1,0,0,0,0.000000,16,44,1.7
402,1579692,Henrik,Melland,Melland,,1,15,Aalesund,AaFK,3,MID,a,,692,3,1,0,17,0,0,0,1,0,0,1,0.000000,36,58,0.9
403,1992769,Davíd,Jóhannsson,Jóhannsson,,1,15,Aalesund,AaFK,3,MID,d,Smell - 75 % sjanse for å spille,449,0,1,0,9,0,0,0,3,0,0,0,0.000000,13,49,0.1
404,2025428,Mathias,Kristensen,Kristensen,,1,15,Aalesund,AaFK,3,MID,d,Smell - 25 % sjanse for å spille,0,0,0,0,0,0,0,0,0,0,0,0,0.000000,0,49,0.0
405,2050493,Mathias,Christensen,Christensen,,1,15,Aalesund,AaFK,3,MID,a,,1013,3,2,0,23,0,0,0,3,0,0,1,0.000000,44,56,1.0
406,2017671,Janus,Seehusen,Seehusen,,1,15,Aalesund,AaFK,3,MID,i,Smell - Ute på ubestemt tid,0,0,0,0,0,0,0,0,0,0,0,0,0.000000,0,44,0.0
407,19242,Marius,Andresen,Andresen,,1,15,Aalesund,AaFK,2,DEF,a,,320,0,2,0,5,0,0,0,3,0,0,2,0.000000,14,43,0.1
408,175885,Kristoffer,Nessø,Nessø,,1,15,Aalesund,AaFK,2,DEF,a,,620,0,0,0,18,0,0,0,0,0,0,0,0.000000,12,45,0.1
409,1646963,Jakob,Nyland Ørsahl,Ørsahl,,1,15,Aalesund,AaFK,2,DEF,a,,425,0,3,0,11,0,0,0,1,0,0,0,0.000000,16,47,0.3
410,1763178,Endre,Osenbroch,Osenbroch,,1,15,Aalesund,AaFK,3,MID,a,,708,3,2,0,18,0,0,0,1,0,0,5,0.000000,44,47,1.4
411,2051937,Ivan,Djantou,Djantou,,1,15,Aalesund,AaFK,4,FWD,a,,211,1,1,0,5,0,0,0,0,0,0,0,0.000000,16,52,0.6
412,2019017,Paul,Ngongo,Ngongo,,1,15,Aalesund,AaFK,4,FWD,i,Smell - Forventet tilbake 19. september,0,0,0,0,0,0,0,0,0,0,0,0,0.000000,0,55,0.1
413,1724753,Elias,Myrlid,Myrlid,,1,15,Aalesund,AaFK,4,FWD,a,,112,0,0,0,5,0,0,0,1,0,0,0,0.000000,8,48,0.6
414,1671654,Kristian,Lonebu,Lonebu,,1,15,Aalesund,AaFK,4,FWD,a,,1001,5,0,1,22,0,0,0,0,0,0,2,0.000000,45,63,13.7
415,1702406,Ulrik,Syversen,Syversen,,1,15,Aalesund,AaFK,2,DEF,a,,418,0,1,0,13,0,0,0,1,0,0,0,0.000000,9,44,0.1
416,1584612,John Shuguto,Kitolano,J. Kitolano,,8,177,Lillestrøm,LSK,2,DEF,a,,0,0,0,0,0,0,0,0,0,0,0,0,0.000000,0,43,0.1
417,306201,Anders,Trondsen,Trondsen,,5,63,HamKam,HAM,3,MID,a,,383,1,0,1,5,0,0,0,1,0,0,0,0.000000,17,49,0.1
418,1974569,Leonard,Owusu,L. Owusu,,4,117,Fredrikstad,FFK,3,MID,a,,804,0,1,0,19,0,0,0,1,0,0,0,0.000000,21,45,0.9
419,1900515,Marcus Haagensen,Reed,Reed,,1,15,Aalesund,AaFK,4,FWD,d,Smell - 25 % sjanse for å spille,337,2,0,0,7,0,0,0,1,0,0,6,0.000000,22,46,2.5
420,292728,Vebjørn Alvestad,Hoff,Hoff,,9,3,Molde,MOL,3,MID,d,Smell - 50 % sjanse for å spille,902,1,0,2,13,0,0,0,0,0,0,1,0.000000,30,46,0.9
421,2038349,Wolji Jalal,Abdullai,Abdullai,,9,3,Molde,MOL,4,FWD,a,,434,1,1,0,10,0,0,0,1,0,0,0,0.000000,17,80,1.0
422,2064331,Foster,Apetorgbor,Foster,,11,195,Sandefjord,SAN,3,MID,a,,32,0,1,0,0,0,0,0,1,0,0,0,0.000000,4,55,0.0
423,1825220,Julian,Lægreid,Lægreid,,3,298,Brann,BRA,4,FWD,u,På lån til Moss,4,0,0,0,0,0,0,0,0,0,0,0,0.000000,1,50,0.0
424,1850812,Aksel Nordvik,Brattøy,Brattøy,,7,785,Kristiansund,KBK,2,DEF,a,,0,0,0,0,0,0,0,0,0,0,0,0,0.000000,0,39,0.1
425,2063666,Trent Toure,Koné-Doherty,Koné-Doherty,,9,3,Molde,MOL,3,MID,a,,320,0,1,0,9,0,0,0,0,0,0,0,0.000000,14,62,0.1
426,2065583,Banhourin Chris Emmanuel,Kouakou,Kouakou,,12,797,Sarpsborg 08,S08,3,MID,u,Overgang til Ironi Tiberias,0,0,0,0,0,0,0,0,0,0,0,0,0.000000,0,43,0.1
427,1928531,Filip Strømland,Lien,Lien,,13,261,Start,STA,3,MID,i,Fot - Forventet tilbake 20. september,7,0,0,0,2,0,0,0,0,0,0,0,0.000000,2,45,0.0
428,1987320,James,Ampofo,Ampofo,,13,261,Start,STA,4,FWD,a,,378,0,0,0,17,0,0,0,0,0,0,0,0.000000,14,55,0.0
429,1704537,Odin Thiago,Holm,Holm,,16,169882,Vålerenga,VIF,3,MID,i,Smell - Ute på ubestemt tid,113,0,0,0,3,0,0,0,0,0,0,0,0.000000,6,52,0.0
430,2068160,Rabbi,Matondo,Matondo,,3,298,Brann,BRA,3,MID,a,,30,0,0,0,1,0,0,0,0,0,0,0,0.000000,3,61,0.0
431,2068039,Cheikh Mbacke,Diop,Diop,,3,298,Brann,BRA,2,DEF,a,,133,0,0,0,4,0,0,0,1,0,0,0,0.000000,1,44,0.0
432,1,,,Duplicate,,2,4,Bodø/Glimt,B/G,4,FWD,u,,0,0,0,0,0,0,0,0,0,0,0,0,0.000000,0,10,0.0
433,2068207,Gustav,Højbjerg,Højbjerg,,11,195,Sandefjord,SAN,2,DEF,a,,4,0,0,0,0,0,0,0,0,0,0,0,0.000000,2,45,0.0
434,1602929,Ola,Brynhildsen,Brynhildsen,,2,4,Bodø/Glimt,B/G,4,FWD,a,,270,0,3,3,2,0,0,0,0,0,0,0,0.000000,20,100,0.2
435,2018916,Mame Alassane,Niang,Niang,,5,63,HamKam,HAM,4,FWD,u,Overgang til Porto,897,6,0,3,19,0,0,0,0,0,0,5,0.000000,50,54,7.7
436,1873301,Jonathan Vonheim,Norbye,Norbye,,4,117,Fredrikstad,FFK,2,DEF,a,,467,0,0,0,9,0,0,0,1,0,0,0,0.000000,9,45,0.0
437,1892852,Jonathan Heggem,Fugelsnes,Fugelsnes,,9,3,Molde,MOL,3,MID,a,,0,0,0,0,0,0,0,0,0,0,0,0,0.000000,0,45,0.0
438,1929792,Daniel Risan,Nakken,Nakken,,9,3,Molde,MOL,2,DEF,a,,0,0,0,0,0,0,0,0,0,0,0,0,0.000000,0,40,0.0
439,1879252,Ulrik,Hald-Hernes,Hald-Hernes,,10,145,Rosenborg,RBK,2,DEF,a,,0,0,0,0,0,0,0,0,0,0,0,0,0.000000,0,40,0.0
440,1945154,Patrick Robert,Metcalfe,Metcalfe,,5,63,HamKam,HAM,3,MID,a,,761,0,3,2,15,0,0,0,1,0,0,2,0.000000,29,50,0.2
441,1723987,Igor Fabian,Gosik,Gosik,,9,3,Molde,MOL,4,FWD,a,,65,0,0,0,1,0,0,0,0,0,0,0,0.000000,2,50,0.0
442,1810658,Sigurd Jacobsen,Prestmo,Prestmo,,14,2,Tromsø,TIL,3,MID,u,Lån til Moss,27,0,0,0,0,0,0,0,0,0,0,0,0.000000,3,45,0.0
443,1888487,Jacob Nordbø,Middelthon,Nordbø Middelthon,,15,198,Viking,VIK,3,MID,a,,0,0,0,0,0,0,0,0,0,0,0,0,0.000000,0,45,0.0
444,1932127,Arn-Sebastian,Wiik Escobar,Wiik Escobar,,15,198,Viking,VIK,1,GK,a,,0,0,0,0,0,0,0,0,0,0,0,0,0.000000,0,40,0.0
445,2065152,Kelvin Ansah,Frimpong,Frimpong,,15,198,Viking,VIK,3,MID,a,,0,0,0,0,0,0,0,0,0,0,0,0,0.000000,0,60,0.0
446,2068206,David Akparakpa,Benjamin,Benjamin,,5,63,HamKam,HAM,4,FWD,a,,83,0,1,0,4,0,0,0,0,0,0,0,0.000000,6,55,0.0
447,1611076,Erlend,Jacobsen,Jacobsen,,15,198,Viking,VIK,1,GK,a,,0,0,0,0,0,0,0,0,0,0,0,0,0.000000,0,40,0.0
448,1618831,Joshua Gaston,Kitolano,Kitolano,,2,4,Bodø/Glimt,B/G,3,MID,a,,68,0,0,1,0,0,0,0,0,0,0,2,0.000000,5,65,0.0
449,1857440,Daniel Johan,Skaarud,Skaarud,,11,195,Sandefjord,SAN,3,MID,a,,0,0,0,0,0,0,0,0,0,0,0,0,0.000000,0,55,0.0
450,2080838,Isak Mikael,Dahlqvist,Dahlqvist,,14,2,Tromsø,TIL,2,DEF,a,,3,0,0,0,0,0,0,0,0,0,0,0,0.000000,1,55,0.0
451,2079073,Gabriel Juty,Wesseh,Wesseh,,4,117,Fredrikstad,FFK,3,MID,a,,45,0,0,0,0,0,0,0,0,0,0,0,0.000000,1,55,0.0
452,103279,MARIUS,LODE,Lode,,12,797,Sarpsborg 08,S08,2,DEF,a,,1,0,0,0,0,0,0,0,0,0,0,0,0.000000,1,45,0.0
453,2080781,Gustav,Nordh,Nordh,,8,177,Lillestrøm,LSK,3,MID,a,,30,0,0,0,0,0,0,0,0,0,0,0,0.000000,2,60,0.0
454,2080832,Luca,Podlech,Podlech,,1,15,Aalesund,AaFK,1,GK,a,,0,0,0,0,0,0,0,0,0,0,0,0,0.000000,0,45,0.0
455,2030842,Ieltsin Jeronimo,Semedo Camões,Camões,,14,2,Tromsø,TIL,4,FWD,a,,2,1,0,0,0,0,0,0,0,0,0,0,0.000000,5,75,0.1
456,2080836,Romano Ceciel,Postema,Postema,,15,198,Viking,VIK,4,FWD,d,Smell - 50 % sjanse for å spille,0,0,0,0,0,0,0,0,0,0,0,0,0.000000,0,80,0.0
457,2080837,Amin,Cosic,Cosic,,15,198,Viking,VIK,3,MID,a,,0,0,0,0,0,0,0,0,0,0,0,0,0.000000,0,65,0.0
458,1687338,Mathias Johan Fjørtoft,Løvik,Fjørtoft Løvik,,9,3,Molde,MOL,2,DEF,a,,75,0,0,0,2,0,0,0,1,0,0,0,0.000000,0,55,0.1
459,2018118,Seydina Mohamed,Diop,Diop,,9,3,Molde,MOL,3,MID,a,,45,1,0,0,0,0,0,0,0,0,0,0,0.000000,6,70,0.0
460,1566067,Olaus Jair,Skarsem,Skarsem,,12,797,Sarpsborg 08,S08,3,MID,a,,10,0,0,0,0,0,0,0,0,0,0,0,0.000000,1,55,0.0
461,2080757,Devon Lloyd,Koswal,Koswal,,11,195,Sandefjord,SAN,2,DEF,a,,0,0,0,0,0,0,0,0,0,0,0,0,0.000000,0,45,0.0
462,1886121,Oscar,Skari-Hansen,Skari-Hansen,,4,117,Fredrikstad,FFK,3,MID,a,,33,0,0,0,0,0,0,0,0,0,0,0,0.000000,1,45,0.0
463,1912765,Magnus Mevik,Eidal,Eidal,,12,797,Sarpsborg 08,S08,2,DEF,a,,0,0,0,0,0,0,0,0,0,0,0,0,0.000000,0,40,0.0
464,1931156,Dennis Cornelius,Birkenes,Birkenes,,13,261,Start,STA,1,GK,a,,0,0,0,0,0,0,0,0,0,0,0,0,0.000000,0,40,0.0
465,2006014,Mathias Dahl,Sauer,Sauer,,11,195,Sandefjord,SAN,3,MID,a,,10,0,0,0,0,0,0,0,0,0,0,0,0.000000,1,55,0.0
466,2018174,Mads,Enggård,Enggård,,9,3,Molde,MOL,3,MID,a,,0,0,0,0,0,0,0,0,0,0,0,0,0.000000,0,55,0.0
467,1854824,Joachim,Prent-Eckbo,Prent-Eckbo,,6,306,KFUM Oslo,KFUM,2,DEF,a,,0,0,0,0,0,0,0,0,0,0,0,0,0.000000,0,40,0.0
